,Temporada,round,game_id,date,fixture,team_id,team_name,team_possession,opponent_possession,place,defensive_height,high_recoveries_%,PPDA,fouls_in_attacking_half_%,defensive_intensity,avg_time_to_defensive_action,counter_press_Success_Rate_%,transition_vulnerability_index,opposition_final_third_entries_10s,opposition_box_entries_10s,time_to_progression_seconds,first_pass_forward_pct,final_third_entries_10s_pct,box_entries_10s_pct,retained_possessions_5s_pct,long_ball_%,buildup_%,progressive_passes_%,crosses_per_final_third_entry,dribbles_per_final_third_entry,box_entries_from_crosses,box_entries_from_carries,sustained_attacks,direct_attack,shots_per_final_third_pass,shots_outside_box
0,2026,1,1955925,2026-01-28,Fluminense 2.0 x 1.0 Gremio,1232,Fluminense,49.69,50.31,Casa,34.57171052631579,9.76,10.266666666666667,38.46,84,37.28671328671329,24.39,0.134,25,8,26.1,78.87,8.77,8.0,44.54,6.728538283062645,62.5,18.64,0.143,0.306,11.11,0.0,80.0,0.0,0.1075,30.0
1,2026,1,1955925,2026-01-28,Fluminense 2.0 x 1.0 Gremio,1244,Gremio,50.31,49.69,Fora,32.8469696969697,12.5,13.666666666666666,23.08,80,40.53793103448276,22.5,0.176,24,3,10.29,82.09,18.33,25.0,59.34,9.974424552429667,50.0,24.0,0.292,0.25,30.77,0.0,58.33,33.33,0.1132,16.67
2,2026,1,1955931,2026-01-28,Corinthians 1.0 x 2.0 Bahia,1221,Bahia,38.58,61.42,Fora,37.84334862385321,6.33,11.653846153846153,57.14,70,36.66,24.05,0.15,36,10,11.74,71.43,18.03,22.22,40.8,8.561643835616438,11.11,22.67,0.348,0.435,0.0,0.0,30.0,30.0,0.1667,30.0
3,2026,1,1955931,2026-01-28,Corinthians 1.0 x 2.0 Bahia,1237,Corinthians,61.42,38.58,Casa,34.65403846153846,9.47,9.192307692307692,42.86,79,37.7593984962406,16.84,0.188,22,12,24.62,71.05,23.94,29.17,61.54,8.15347721822542,66.67,22.39,0.255,0.17,23.53,5.88,82.35,5.88,0.1753,41.18
4,2026,1,1955937,2026-01-28,Atletico MG 2.0 x 2.0 Palmeiras,1234,Palmeiras,43.93,56.07,Fora,37.46679999999999,22.92,8.571428571428571,28.57,59,60.669724770642205,16.67,0.182,23,9,6.0,75.61,29.63,38.1,56.25,7.9470198675496695,30.0,16.78,0.875,0.625,12.5,0.0,42.86,35.71,0.2373,42.86
5,2026,1,1955937,2026-01-28,Atletico MG 2.0 x 2.0 Palmeiras,1235,Atletico MG,56.07,43.93,Casa,39.83856382978723,12.96,7.54054054054054,60.0,66,44.91428571428571,27.78,0.117,25,14,52.21,75.0,25.71,21.05,55.56,8.264462809917356,28.57,21.18,0.29,0.161,28.57,0.0,78.57,21.43,0.1818,50.0
6,2026,1,1955940,2026-01-28,Internacional 0.0 x 1.0 Athletico Paranaense,1243,Athletico Paranaense,23.82,76.18,Fora,31.7053125,12.68,18.2,38.46,68,45.08759124087591,32.39,0.187,39,19,14.08,82.69,16.67,29.41,48.1,12.021857923497267,16.67,26.72,0.462,0.308,0.0,0.0,33.33,50.0,0.2308,33.33
7,2026,1,1955940,2026-01-28,Internacional 0.0 x 1.0 Athletico Paranaense,1219,Internacional,76.18,23.82,Casa,41.9358947368421,19.72,6.7,36.36,57,39.91875,33.8,0.184,25,7,14.95,73.85,30.77,43.75,48.99,4.62962962962963,70.0,23.77,0.319,0.125,17.65,0.0,52.63,26.32,0.1407,36.84
8,2026,1,1955943,2026-01-28,Coritiba 0.0 x 1.0 Red Bull Bragantino,1236,Coritiba,17.98,82.02,Casa,29.1271875,11.11,10.851851851851851,36.84,96,31.938053097345133,26.39,0.264,30,14,29.2,75.0,16.98,21.05,27.0,18.181818181818183,6.67,31.88,0.158,0.211,0.0,0.0,50.0,12.5,0.32,75.0
9,2026,1,1955943,2026-01-28,Coritiba 0.0 x 1.0 Red Bull Bragantino,5438,Red Bull Bragantino,82.02,17.98,Fora,40.871249999999996,8.57,5.655172413793103,66.67,54,44.275862068965516,28.57,0.229,22,4,11.58,75.81,33.33,42.11,72.38,8.837209302325581,0.0,28.05,0.463,0.259,27.27,0.0,56.67,23.33,0.2128,66.67
10,2026,1,1955945,2026-01-28,Vitoria 2.0 x 0.0 Remo,1238,Vitoria,45.59,54.41,Casa,34.785138888888895,10.39,11.74074074074074,29.41,69,49.343511450381676,25.97,0.128,17,8,12.0,76.47,27.78,47.83,36.07,7.662835249042145,33.33,25.97,0.235,0.147,16.67,8.33,45.0,35.0,0.303,25.0
11,2026,1,1955945,2026-01-28,Vitoria 2.0 x 0.0 Remo,4617,Remo,54.41,45.59,Fora,32.330232558139535,4.29,8.071428571428571,30.77,75,33.315384615384616,27.14,0.17,34,15,30.64,86.44,16.07,28.57,55.43,6.504065040650407,22.22,19.46,0.514,0.086,42.86,0.0,50.0,35.71,0.2295,57.14
12,2026,1,1955948,2026-01-28,Chapecoense AF 4.0 x 2.0 Santos FC,8865,Chapecoense AF,25.61,74.39,Casa,27.42625,9.26,26.75,40.0,59,47.608333333333334,20.37,0.18,38,15,21.58,72.92,28.95,12.5,42.86,17.03056768558952,22.22,20.41,0.294,0.176,25.0,0.0,0.0,28.57,0.2333,57.14
13,2026,1,1955948,2026-01-28,Chapecoense AF 4.0 x 2.0 Santos FC,1241,Santos FC,74.39,25.61,Fora,46.598424657534245,19.7,13.777777777777779,70.0,53,52.25409836065574,19.7,0.243,21,6,12.14,71.93,34.29,35.48,54.14,5.152671755725191,50.0,17.61,0.509,0.211,21.05,5.26,76.0,16.0,0.1515,60.0
14,2026,1,1955929,2026-01-29,Sao Paulo 2.0 x 1.0 Flamengo,1239,Flamengo,62.87,37.13,Fora,43.54190217391305,16.67,9.571428571428571,64.29,62,43.5527950310559,25.64,0.133,29,14,19.12,67.69,19.57,28.12,64.22,3.992015968063872,100.0,14.75,0.452,0.355,13.33,6.67,66.67,20.0,0.1271,40.0
15,2026,1,1955929,2026-01-29,Sao Paulo 2.0 x 1.0 Flamengo,1224,Sao Paulo,37.13,62.87,Casa,32.67083333333333,4.6,12.09375,45.45,78,33.41304347826087,12.64,0.079,29,10,10.95,76.25,20.31,34.78,48.6,6.645569620253164,10.0,17.79,0.588,0.235,40.0,0.0,60.0,30.0,0.2273,50.0
16,2026,1,1955934,2026-01-29,Mirassol 2.0 x 1.0 Vasco da Gama,1226,Vasco da Gama,53.65,46.35,Fora,36.85269230769231,7.81,12.142857142857142,37.5,64,46.0990990990991,18.75,0.194,30,8,22.41,70.91,17.5,25.0,54.29,7.142857142857142,25.0,21.5,0.486,0.297,40.0,0.0,71.43,21.43,0.1429,57.14
17,2026,1,1955934,2026-01-29,Mirassol 2.0 x 1.0 Vasco da Gama,6332,Mirassol,46.35,53.65,Casa,37.80570652173913,16.39,11.206896551724139,30.0,69,35.79611650485437,14.75,0.099,19,9,13.07,71.43,22.58,23.33,69.74,8.831168831168831,50.0,15.34,0.577,0.192,28.57,0.0,38.46,30.77,0.2241,53.85
18,2026,1,1955927,2026-01-30,Botafogo RJ 4.0 x 0.0 Cruzeiro,1227,Botafogo RJ,46.96,53.04,Casa,32.9975,4.65,19.352941176470587,58.33,49,50.37623762376238,16.28,0.096,31,14,32.62,78.95,11.11,57.14,49.41,7.580174927113703,33.33,23.08,0.393,0.214,0.0,0.0,70.0,20.0,0.1429,20.0
19,2026,1,1955927,2026-01-30,Botafogo RJ 4.0 x 0.0 Cruzeiro,1230,Cruzeiro,53.04,46.96,Fora,38.882407407407406,16.39,13.090909090909092,40.0,55,42.235849056603776,21.31,0.123,11,6,18.88,76.0,29.27,50.0,57.3,4.116222760290557,40.0,15.56,0.273,0.364,29.41,0.0,58.82,29.41,0.2125,17.65
20,2026,2,1955928,2026-02-04,Remo 2.0 x 2.0 Mirassol,4617,Remo,29.66,70.34,Casa,36.81334710743802,15.85,9.609756097560975,33.33,81,39.0,20.73,0.103,14,5,40.0,62.5,47.83,33.33,35.0,13.215859030837004,11.11,30.61,0.333,0.292,25.0,12.5,16.67,38.89,0.2609,55.56
21,2026,2,1955928,2026-02-04,Remo 2.0 x 2.0 Mirassol,6332,Mirassol,70.34,29.66,Fora,34.545,4.62,7.148148148148148,26.67,70,42.02395209580838,33.85,0.29,54,16,21.32,74.14,14.55,20.0,63.3,8.390022675736962,62.5,20.3,0.5,0.393,44.44,0.0,62.5,12.5,0.1039,12.5
22,2026,2,1955951,2026-02-04,Flamengo 1.0 x 1.0 Internacional,1239,Flamengo,73.59,26.41,Casa,45.36328125,22.08,6.119047619047619,50.0,71,34.04255319148936,23.38,0.141,19,4,18.48,70.0,5.0,29.73,66.36,5.70902394106814,57.14,14.29,0.429,0.268,42.86,0.0,52.94,29.41,0.1097,29.41
23,2026,2,1955951,2026-02-04,Flamengo 1.0 x 1.0 Internacional,1219,Internacional,26.41,73.59,Fora,29.311799999999998,5.88,14.6,25.0,81,43.76377952755905,27.94,0.167,31,12,14.21,73.58,18.87,13.33,39.29,11.07011070110701,8.33,19.74,0.16,0.12,0.0,0.0,44.44,11.11,0.1915,77.78
24,2026,2,1955956,2026-02-04,Santos FC 1.0 x 1.0 Sao Paulo,1241,Santos FC,48.81,51.19,Casa,41.40014851485149,14.06,9.090909090909092,52.38,70,42.288590604026844,20.31,0.133,26,11,18.33,70.69,34.88,23.81,49.15,8.938547486033519,28.57,23.01,0.45,0.175,20.0,0.0,41.67,25.0,0.1667,50.0
25,2026,2,1955956,2026-02-04,Santos FC 1.0 x 1.0 Sao Paulo,1224,Sao Paulo,51.19,48.81,Fora,31.00145038167939,11.58,9.5,33.33,79,36.146341463414636,24.21,0.145,31,6,32.71,71.26,9.86,37.5,41.46,5.654761904761905,0.0,19.07,0.36,0.12,28.57,0.0,37.5,62.5,0.1159,12.5
26,2026,2,1955962,2026-02-04,Red Bull Bragantino 1.0 x 0.0 Atletico MG,5438,Red Bull Bragantino,49.84,50.16,Casa,31.305272727272726,18.84,11.307692307692308,25.0,65,53.572649572649574,21.74,0.092,18,6,11.83,60.71,29.79,31.82,60.64,15.66265060240964,0.0,29.09,0.385,0.385,33.33,22.22,52.63,10.53,0.2135,47.37
27,2026,2,1955962,2026-02-04,Red Bull Bragantino 1.0 x 0.0 Atletico MG,1235,Atletico MG,50.16,49.84,Fora,28.972096774193545,10.34,13.45,14.29,83,45.35766423357664,17.24,0.203,30,9,17.2,74.47,14.63,23.53,52.99,9.917355371900827,16.67,18.64,0.343,0.2,33.33,0.0,75.0,8.33,0.1519,50.0
28,2026,2,1955926,2026-02-05,Bahia 1.0 x 1.0 Fluminense,1221,Bahia,43.97,56.03,Casa,34.059375,11.59,20.055555555555557,30.77,66,53.91525423728814,15.94,0.25,26,13,16.08,65.57,35.42,57.14,49.18,11.009174311926607,22.22,26.26,0.424,0.273,33.33,0.0,47.37,31.58,0.2676,26.32
29,2026,2,1955926,2026-02-05,Bahia 1.0 x 1.0 Fluminense,1232,Fluminense,56.03,43.97,Fora,31.693846153846152,7.25,10.666666666666666,33.33,61,41.03448275862069,15.94,0.275,33,18,9.36,77.05,30.36,38.46,58.06,4.731182795698925,27.27,19.54,0.212,0.364,0.0,0.0,61.54,7.69,0.1215,38.46
30,2026,2,1955953,2026-02-05,Vasco da Gama 1.0 x 1.0 Chapecoense AF,1226,Vasco da Gama,71.88,28.12,Casa,44.868970588235285,19.79,8.709677419354838,45.45,70,36.62589928057554,28.12,0.082,13,2,12.79,52.44,24.49,40.43,47.65,6.0263653483992465,0.0,16.97,0.508,0.197,37.5,4.17,43.33,30.0,0.1863,30.0
31,2026,2,1955953,2026-02-05,Vasco da Gama 1.0 x 1.0 Chapecoense AF,8865,Chapecoense AF,28.12,71.88,Fora,23.946869158878506,6.56,17.0,46.67,72,33.95161290322581,18.03,0.15,49,23,25.25,75.47,10.2,16.67,55.22,8.81057268722467,0.0,23.85,0.333,0.167,25.0,25.0,71.43,14.29,0.3684,57.14
32,2026,2,1955959,2026-02-05,Palmeiras 5.0 x 1.0 Vitoria,1238,Vitoria,33.59,66.41,Fora,29.905105263157893,11.11,14.217391304347826,38.46,74,35.23478260869565,28.57,0.112,22,8,15.47,81.13,16.0,30.77,55.38,7.755102040816326,0.0,23.29,0.32,0.16,12.5,0.0,44.44,33.33,0.1698,33.33
33,2026,2,1955959,2026-02-05,Palmeiras 5.0 x 1.0 Vitoria,1234,Palmeiras,66.41,33.59,Casa,37.63090909090909,9.09,9.041666666666666,43.75,73,38.4954954954955,30.3,0.11,19,8,20.71,77.05,17.31,35.71,52.73,8.121827411167512,20.0,18.57,0.273,0.182,7.14,0.0,58.82,17.65,0.2237,41.18
34,2026,2,1955968,2026-02-05,Gremio 5.0 x 3.0 Botafogo RJ,1244,Gremio,46.45,53.55,Casa,43.1172,17.81,10.942857142857143,62.5,71,42.31,15.07,0.119,8,2,8.04,68.66,42.55,26.92,61.54,9.67741935483871,50.0,16.43,0.478,0.348,14.29,0.0,46.15,7.69,0.2889,30.77
35,2026,2,1955968,2026-02-05,Gremio 5.0 x 3.0 Botafogo RJ,1227,Botafogo RJ,53.55,46.45,Fora,31.576125,3.7,11.08,53.85,53,62.50909090909091,18.52,0.173,38,12,24.75,68.29,12.5,16.67,63.74,3.9627039627039626,28.57,16.67,0.129,0.097,0.0,0.0,55.56,11.11,0.1698,22.22
36,2026,2,1955965,2026-02-06,Cruzeiro 1.0 x 2.0 Coritiba,1236,Coritiba,26.39,73.61,Fora,26.755049999999997,5.0,18.166666666666668,33.33,56,50.182539682539684,30.0,0.225,27,10,11.36,84.44,26.0,30.0,46.05,13.302752293577983,7.69,24.75,0.174,0.348,14.29,0.0,40.0,30.0,0.2128,40.0
37,2026,2,1955965,2026-02-06,Cruzeiro 1.0 x 2.0 Coritiba,1230,Cruzeiro,73.61,26.39,Casa,39.51721518987341,18.18,9.166666666666666,64.71,60,41.99193548387097,14.55,0.31,20,11,14.94,76.92,18.75,34.78,56.03,3.632887189292543,71.43,20.32,0.469,0.172,5.88,5.88,63.16,21.05,0.1301,42.11
38,2026,3,1955941,2026-02-11,Mirassol 2.0 x 2.0 Cruzeiro,6332,Mirassol,58.49,41.51,Casa,40.02170454545455,23.53,10.869565217391305,40.0,55,62.6328125,29.41,0.11,21,4,26.22,75.86,9.76,44.44,51.09,6.887052341597796,0.0,27.88,0.618,0.176,20.0,6.67,60.0,30.0,0.1852,30.0
39,2026,3,1955941,2026-02-11,Mirassol 2.0 x 2.0 Cruzeiro,1230,Cruzeiro,41.51,58.49,Fora,29.76576923076923,5.77,12.714285714285714,33.33,59,44.52459016393443,21.15,0.158,27,12,23.07,81.82,30.77,7.69,36.11,4.659498207885305,14.29,18.39,0.222,0.5,0.0,0.0,87.5,12.5,0.1538,37.5
40,2026,2,1955944,2026-02-11,Atletico MG 3.0 x 3.0 Remo,1235,Atletico MG,63.8,36.2,Casa,30.02055,9.68,13.166666666666666,35.71,56,54.64661654135338,11.29,0.212,26,9,15.53,74.55,24.0,50.0,50.0,6.605922551252847,44.44,26.75,0.255,0.34,16.67,0.0,72.22,16.67,0.18,27.78
41,2026,2,1955944,2026-02-11,Atletico MG 3.0 x 3.0 Remo,4617,Remo,36.2,63.8,Fora,34.19433962264151,11.76,13.5,36.36,70,42.951219512195124,22.06,0.113,23,10,12.67,70.18,23.91,27.27,61.45,9.027777777777777,22.22,24.47,0.452,0.065,0.0,0.0,50.0,16.67,0.2727,38.89
42,2026,3,1955952,2026-02-11,Vitoria 1.0 x 2.0 Flamengo,1238,Vitoria,43.1,56.9,Casa,42.543402061855666,11.29,8.555555555555555,38.1,78,44.19047619047619,27.42,0.079,22,7,10.33,75.61,16.13,29.03,38.06,8.148148148148149,60.0,19.66,0.423,0.115,20.0,0.0,22.22,33.33,0.1607,22.22
43,2026,3,1955952,2026-02-11,Vitoria 1.0 x 2.0 Flamengo,1239,Flamengo,56.9,43.1,Fora,32.697,5.88,7.617647058823529,50.0,63,43.421052631578945,23.53,0.172,24,11,67.65,67.31,19.61,29.41,52.17,5.82010582010582,0.0,21.32,0.043,0.191,16.67,0.0,66.67,16.67,0.0723,33.33
44,2026,3,1955955,2026-02-11,Chapecoense AF 3.0 x 3.0 Coritiba,1236,Coritiba,46.87,53.13,Fora,32.946666666666665,7.46,20.6875,75.0,64,30.75229357798165,8.96,0.192,31,15,9.7,80.33,25.0,26.67,45.71,12.868632707774799,10.0,23.94,0.24,0.24,22.22,11.11,53.85,0.0,0.2653,38.46
45,2026,3,1955955,2026-02-11,Chapecoense AF 3.0 x 3.0 Coritiba,8865,Chapecoense AF,53.13,46.87,Casa,40.12590909090908,19.05,32.54545454545455,62.5,56,61.8125,28.57,0.134,26,7,15.07,83.33,27.5,56.52,57.61,7.98004987531172,12.5,29.02,0.405,0.189,37.5,0.0,57.14,23.81,0.2625,47.62
46,2026,3,1955930,2026-02-12,Fluminense 1.0 x 0.0 Botafogo RJ,1232,Fluminense,43.83,56.17,Casa,35.63938144329897,10.0,8.620689655172415,27.27,70,82.4390243902439,27.14,0.12,24,8,10.08,74.07,26.53,4.76,63.77,8.51063829787234,0.0,26.88,0.292,0.625,11.11,11.11,70.0,0.0,0.1449,20.0
47,2026,3,1955930,2026-02-12,Fluminense 1.0 x 0.0 Botafogo RJ,1227,Botafogo RJ,56.17,43.83,Fora,33.25233333333333,19.35,9.958333333333334,38.89,68,44.71851851851852,20.97,0.233,28,3,7.33,82.0,21.43,30.0,50.51,5.51948051948052,16.67,22.42,0.182,0.273,0.0,0.0,40.0,40.0,0.0676,40.0
48,2026,3,1955933,2026-02-12,Vasco da Gama 0.0 x 1.0 Bahia,1226,Vasco da Gama,61.2,38.8,Casa,39.211666666666666,25.0,8.518518518518519,21.43,68,45.88961038961039,18.75,0.128,25,5,13.6,71.64,21.28,57.58,62.61,6.791569086651054,66.67,23.9,0.755,0.429,36.0,8.0,57.69,23.08,0.1926,38.46
49,2026,3,1955933,2026-02-12,Vasco da Gama 0.0 x 1.0 Bahia,1221,Bahia,38.8,61.2,Fora,29.439750000000004,11.76,10.925925925925926,33.33,90,33.932203389830505,16.47,0.168,39,21,32.35,65.22,13.33,12.0,35.9,6.425702811244979,33.33,20.86,0.286,0.179,0.0,33.33,37.5,25.0,0.1633,62.5
50,2026,3,1955936,2026-02-12,Sao Paulo 2.0 x 0.0 Gremio,1244,Gremio,41.47,58.53,Fora,30.10233333333333,13.33,14.666666666666666,18.18,54,49.00854700854701,15.0,0.154,34,8,14.36,60.78,13.33,53.33,60.0,12.53731343283582,20.0,15.92,0.296,0.148,37.5,0.0,60.0,40.0,0.1,20.0
51,2026,3,1955936,2026-02-12,Sao Paulo 2.0 x 0.0 Gremio,1224,Sao Paulo,58.53,41.47,Casa,40.78921875,9.72,11.178571428571429,50.0,60,41.6,20.83,0.105,18,8,11.4,75.0,35.85,36.84,57.14,4.545454545454546,66.67,20.93,0.203,0.203,20.0,0.0,50.0,25.0,0.1111,37.5
52,2026,3,1955938,2026-02-12,Corinthians 2.0 x 0.0 Red Bull Bragantino,5438,Red Bull Bragantino,36.08,63.92,Fora,39.99758823529412,11.54,10.35897435897436,52.94,61,49.86486486486486,9.62,0.135,23,9,11.89,66.67,20.0,22.73,56.1,10.980392156862745,50.0,22.88,0.3,0.25,0.0,20.0,75.0,25.0,0.186,75.0
53,2026,3,1955938,2026-02-12,Corinthians 2.0 x 0.0 Red Bull Bragantino,1237,Corinthians,63.92,36.08,Casa,39.287499999999994,10.29,8.033333333333333,41.67,64,43.83064516129032,22.06,0.145,20,6,13.47,51.67,22.64,33.33,42.96,10.628019323671497,42.86,17.06,0.333,0.286,14.29,0.0,38.46,23.08,0.25,30.77
54,2026,3,1955950,2026-02-12,Athletico Paranaense 2.0 x 1.0 Santos FC,1243,Athletico Paranaense,56.4,43.6,Casa,35.18851485148515,3.17,7.264705882352941,53.33,61,45.156028368794324,17.46,0.125,22,7,11.65,67.24,28.0,30.77,59.41,9.090909090909092,50.0,24.11,0.424,0.333,30.77,0.0,66.67,25.0,0.2069,25.0
55,2026,3,1955950,2026-02-12,Athletico Paranaense 2.0 x 1.0 Santos FC,1241,Santos FC,43.6,56.4,Fora,31.722409090909096,4.0,12.76923076923077,20.0,75,35.8125,21.33,0.172,22,9,19.85,80.6,14.29,26.32,36.67,8.679245283018867,33.33,18.52,0.185,0.148,0.0,16.67,60.0,20.0,0.2128,40.0
56,2026,3,1955947,2026-02-13,Internacional 1.0 x 3.0 Palmeiras,1219,Internacional,61.85,38.15,Casa,44.05823863636364,16.0,8.147058823529411,50.0,72,58.705882352941174,17.33,0.113,23,8,46.44,65.62,8.51,35.71,53.28,7.709750566893423,66.67,19.1,0.467,0.178,14.29,9.52,84.62,11.54,0.2031,30.77
57,2026,3,1955947,2026-02-13,Internacional 1.0 x 3.0 Palmeiras,1234,Palmeiras,38.15,61.85,Fora,30.392974137931034,10.94,10.76923076923077,30.77,73,48.950413223140494,21.88,0.122,24,10,12.5,73.08,19.05,31.82,52.44,13.909774436090224,30.0,11.63,0.0,0.75,0.0,0.0,45.45,27.27,0.4583,36.36
58,2026,3,1955971,2026-02-19,Athletico Paranaense 0.0 x 1.0 Corinthians,1237,Corinthians,41.16,58.84,Fora,29.6909375,1.79,15.904761904761905,33.33,59,59.96774193548387,10.71,0.071,28,9,24.75,76.92,11.9,14.29,32.14,8.421052631578947,35.29,20.11,0.133,0.133,0.0,0.0,50.0,25.0,0.1538,100.0
59,2026,3,1955971,2026-02-19,Athletico Paranaense 0.0 x 1.0 Corinthians,1243,Athletico Paranaense,58.84,41.16,Casa,42.553875,11.43,11.962962962962964,50.0,58,49.36363636363637,28.57,0.103,17,2,23.29,69.49,20.0,36.0,60.47,9.254498714652955,66.67,15.6,0.345,0.31,0.0,33.33,66.67,16.67,0.2857,44.44
60,2026,4,1955969,2026-02-25,Red Bull Bragantino 1.0 x 1.0 Athletico Paranaense,1243,Athletico Paranaense,59.39,40.61,Fora,37.376204819277106,5.56,8.68,55.56,52,54.32835820895522,35.19,0.18,25,4,15.19,80.39,19.51,53.85,50.86,8.547008547008547,60.0,30.77,0.417,0.229,40.0,6.67,61.11,11.11,0.1406,50.0
61,2026,4,1955969,2026-02-25,Red Bull Bragantino 1.0 x 1.0 Athletico Paranaense,5438,Red Bull Bragantino,40.61,59.39,Casa,33.65653846153846,7.69,8.407407407407407,50.0,61,46.008620689655174,21.54,0.149,17,11,24.38,80.77,28.57,6.25,58.75,14.14141414141414,0.0,26.52,0.273,0.364,16.67,16.67,57.14,14.29,0.2121,57.14
62,2026,4,1955972,2026-02-25,Cruzeiro 1.0 x 1.0 Corinthians,1230,Cruzeiro,47.0,53.0,Casa,36.611296296296295,5.77,9.833333333333334,50.0,58,54.984375,26.92,0.258,22,6,14.78,66.67,25.64,46.15,57.0,9.294871794871796,11.11,26.47,0.367,0.233,12.5,0.0,27.27,27.27,0.1467,54.55
63,2026,4,1955972,2026-02-25,Cruzeiro 1.0 x 1.0 Corinthians,1237,Corinthians,53.0,47.0,Fora,32.83936046511627,15.38,11.04,26.67,66,44.3359375,24.62,0.221,19,10,31.25,69.64,9.09,28.57,62.96,12.1301775147929,12.5,26.63,0.469,0.188,40.0,20.0,25.0,50.0,0.0615,50.0
64,2026,4,1955977,2026-02-25,Coritiba 0.0 x 1.0 Sao Paulo,1224,Sao Paulo,58.77,41.23,Fora,38.0,9.59,10.653846153846153,60.0,56,53.7,17.81,0.186,16,8,8.28,75.38,32.14,41.18,54.81,10.398230088495575,30.77,24.06,0.238,0.19,25.0,0.0,62.5,37.5,0.1127,25.0
65,2026,4,1955977,2026-02-25,Coritiba 0.0 x 1.0 Sao Paulo,1236,Coritiba,41.23,58.77,Casa,33.806612903225805,6.9,21.38888888888889,47.37,62,44.48623853211009,18.97,0.155,34,11,48.12,76.92,18.18,42.86,54.95,11.501597444089457,20.0,26.52,0.519,0.37,66.67,0.0,61.11,5.56,0.3214,50.0
66,2026,4,1955981,2026-02-25,Remo 1.0 x 1.0 Internacional,1219,Internacional,60.69,39.31,Fora,37.98991304347826,12.33,7.911764705882353,50.0,58,45.86335403726708,21.92,0.239,32,11,6.94,72.06,22.22,28.57,50.0,5.783132530120482,42.86,20.46,0.345,0.655,18.75,0.0,38.89,27.78,0.2432,44.44
67,2026,4,1955981,2026-02-25,Remo 1.0 x 1.0 Internacional,4617,Remo,39.31,60.69,Casa,31.44146017699115,12.0,13.037037037037036,28.57,75,48.08441558441559,18.67,0.104,27,11,20.16,75.81,25.45,30.0,57.73,14.122137404580155,0.0,28.67,0.533,0.133,0.0,20.0,27.27,45.45,0.1897,45.45
68,2026,4,1955963,2026-02-26,Santos FC 2.0 x 1.0 Vasco da Gama,1241,Santos FC,33.62,66.38,Casa,35.135201612903224,10.84,8.44186046511628,41.18,91,36.255319148936174,15.66,0.068,25,12,9.53,80.0,28.07,15.38,44.71,6.177606177606178,12.5,21.29,0.238,0.429,20.0,20.0,50.0,12.5,0.1455,25.0
69,2026,4,1955963,2026-02-26,Santos FC 2.0 x 1.0 Vasco da Gama,1226,Vasco da Gama,66.38,33.62,Fora,36.505,7.23,6.128205128205129,26.32,74,54.02013422818792,22.89,0.171,32,10,17.05,56.94,15.38,55.56,48.89,5.4373522458628845,50.0,20.7,0.387,0.548,33.33,0.0,56.25,31.25,0.1798,50.0
70,2026,4,1955966,2026-02-26,Palmeiras 2.0 x 1.0 Fluminense,1232,Fluminense,63.54,36.46,Fora,34.60988764044944,17.54,9.652173913043478,25.0,65,58.401785714285715,15.79,0.221,32,14,30.5,64.15,13.89,33.33,53.72,4.93601462522852,40.0,14.59,0.378,0.189,29.41,5.88,61.11,16.67,0.1429,44.44
71,2026,4,1955966,2026-02-26,Palmeiras 2.0 x 1.0 Fluminense,1234,Palmeiras,36.46,63.54,Casa,38.40426470588235,19.44,12.53125,50.0,64,45.827586206896555,18.06,0.1,21,9,55.89,74.14,19.57,50.0,51.72,10.294117647058822,50.0,27.56,0.167,0.333,9.09,0.0,15.38,38.46,0.1884,30.77
72,2026,4,1955975,2026-02-26,Gremio 2.0 x 1.0 Atletico MG,1235,Atletico MG,30.99,69.01,Fora,26.105625,11.11,21.53846153846154,28.57,70,37.79259259259259,23.81,0.212,34,9,14.8,86.05,11.76,25.0,41.49,9.251101321585903,0.0,19.63,0.13,0.435,50.0,0.0,37.5,25.0,0.1429,75.0
73,2026,4,1955975,2026-02-26,Gremio 2.0 x 1.0 Atletico MG,1244,Gremio,69.01,30.99,Casa,41.35584269662922,14.29,6.67741935483871,60.0,66,55.25581395348837,18.57,0.128,15,5,11.96,69.81,31.91,21.74,62.92,7.366071428571429,50.0,31.87,0.307,0.2,33.33,0.0,72.22,5.56,0.12,66.67
74,2026,5,1955991,2026-03-11,Mirassol 2.0 x 2.0 Santos FC,1241,Santos FC,44.55,55.45,Fora,40.402584269662924,17.91,14.0,44.44,75,34.55,10.45,0.154,16,6,33.5,58.06,27.27,26.47,41.59,10.903426791277258,25.0,23.4,0.531,0.156,38.46,0.0,53.33,26.67,0.1948,40.0
75,2026,5,1955991,2026-03-11,Mirassol 2.0 x 2.0 Santos FC,6332,Mirassol,55.45,44.55,Casa,30.040606060606066,5.71,17.466666666666665,85.71,62,43.93103448275862,24.29,0.237,33,12,17.03,63.33,16.39,33.33,52.13,9.223300970873787,12.5,25.12,0.286,0.143,25.0,0.0,80.0,10.0,0.2,40.0
76,2026,5,1955993,2026-03-11,Atletico MG 1.0 x 0.0 Internacional,1219,Internacional,71.12,28.88,Fora,44.07089108910891,17.98,5.651162790697675,56.25,89,44.26060606060606,21.35,0.136,16,7,21.48,64.94,20.75,27.78,51.39,6.415929203539823,88.89,19.64,0.442,0.372,6.25,18.75,68.42,26.32,0.1624,47.37
77,2026,5,1955993,2026-03-11,Atletico MG 1.0 x 0.0 Internacional,1235,Atletico MG,28.88,71.12,Casa,27.680172413793102,8.45,12.148148148148149,35.0,91,37.687943262411345,25.35,0.138,41,11,17.8,70.69,15.25,25.0,47.62,12.556053811659194,7.14,18.02,0.091,0.318,0.0,0.0,14.29,28.57,0.1892,14.29
78,2026,5,1955998,2026-03-11,Bahia 1.0 x 1.0 Vitoria,1221,Bahia,66.97,33.03,Casa,44.983000000000004,9.09,5.288888888888889,47.37,86,39.07258064516129,24.24,0.179,24,9,16.44,74.55,17.07,36.0,52.5,5.321507760532151,71.43,20.95,0.271,0.271,42.86,0.0,33.33,25.0,0.1008,50.0
79,2026,5,1955998,2026-03-11,Bahia 1.0 x 1.0 Vitoria,1238,Vitoria,33.03,66.97,Fora,30.96264705882353,7.94,9.441176470588236,58.82,77,35.94615384615385,28.57,0.208,23,11,12.43,85.71,25.53,31.25,47.69,10.0,11.11,15.34,0.231,0.308,20.0,0.0,16.67,50.0,0.2308,16.67
80,2026,5,1955983,2026-03-12,Flamengo 2.0 x 0.0 Cruzeiro,1239,Flamengo,32.47,67.53,Casa,35.28866972477064,18.18,11.09375,38.46,70,46.35294117647059,11.69,0.135,21,6,29.04,65.67,16.36,63.64,59.52,6.571428571428571,40.0,22.22,0.133,0.233,0.0,0.0,33.33,46.67,0.2344,20.0
81,2026,5,1955983,2026-03-12,Flamengo 2.0 x 0.0 Cruzeiro,1230,Cruzeiro,67.53,32.47,Fora,39.3435,19.64,8.0,47.37,72,46.56637168141593,17.86,0.14,27,16,36.85,72.92,14.29,28.57,58.49,6.695464362850973,66.67,19.92,0.209,0.14,27.27,0.0,76.92,23.08,0.1287,23.08
82,2026,5,1955985,2026-03-12,Vasco da Gama 2.0 x 1.0 Palmeiras,1226,Vasco da Gama,48.33,51.67,Casa,37.43987603305786,14.1,10.5,38.89,81,37.475,28.21,0.125,23,9,16.2,74.58,23.4,9.68,42.42,6.443298969072164,0.0,22.97,0.469,0.204,25.0,0.0,52.94,11.76,0.1393,64.71
83,2026,5,1955985,2026-03-12,Vasco da Gama 2.0 x 1.0 Palmeiras,1234,Palmeiras,51.67,48.33,Fora,29.802230769230768,13.1,9.653846153846153,16.67,80,34.02173913043478,26.19,0.167,33,6,18.79,67.14,10.34,34.62,59.3,4.871794871794872,33.33,23.74,0.311,0.133,0.0,14.29,50.0,25.0,0.0734,62.5
84,2026,5,1955987,2026-03-12,Sao Paulo 2.0 x 0.0 Chapecoense AF,1224,Sao Paulo,66.8,33.2,Casa,32.09888888888889,16.88,8.92,25.0,73,43.87096774193548,24.68,0.116,16,3,15.87,77.94,25.0,42.86,44.14,6.572769953051644,0.0,19.1,0.568,0.159,18.75,6.25,66.67,16.67,0.144,50.0
85,2026,5,1955987,2026-03-12,Sao Paulo 2.0 x 0.0 Chapecoense AF,8865,Chapecoense AF,33.2,66.8,Fora,28.050144230769234,10.34,15.85,15.38,70,49.73913043478261,27.59,0.153,33,15,17.67,66.67,19.57,16.67,53.01,11.76470588235294,25.0,28.8,0.448,0.241,25.0,0.0,100.0,0.0,0.1228,57.14
86,2026,5,1955989,2026-03-12,Corinthians 0.0 x 2.0 Coritiba,1236,Coritiba,34.17,65.83,Fora,24.183055555555555,4.08,11.2,46.67,53,52.69491525423729,22.45,0.056,22,9,12.38,91.43,18.6,16.67,37.5,13.953488372093023,11.11,33.75,0.263,0.158,0.0,0.0,75.0,0.0,0.087,50.0
87,2026,5,1955989,2026-03-12,Corinthians 0.0 x 2.0 Coritiba,1237,Corinthians,65.83,34.17,Casa,37.893187499999996,19.15,4.666666666666667,44.44,50,72.84126984126983,12.77,0.278,12,1,22.85,74.36,14.81,40.0,67.01,8.550185873605948,25.0,23.41,0.348,0.135,40.0,0.0,81.82,9.09,0.0604,36.36
88,2026,5,1956000,2026-03-12,Remo 0.0 x 2.0 Fluminense,4617,Remo,29.37,70.63,Casa,37.04806451612903,15.52,22.714285714285715,42.86,75,45.10084033613445,17.24,0.121,21,10,16.95,66.04,28.95,35.0,69.44,8.712121212121213,40.0,28.42,0.378,0.189,40.0,0.0,20.0,60.0,0.1754,60.0
89,2026,5,1956000,2026-03-12,Remo 0.0 x 2.0 Fluminense,1232,Fluminense,70.63,29.37,Fora,31.001495327102802,10.96,9.5,54.55,67,34.00757575757576,35.62,0.213,26,10,19.5,70.59,12.96,47.37,52.46,6.988352745424292,40.0,19.18,0.148,0.241,16.67,0.0,53.33,33.33,0.1154,40.0
90,2026,5,1955995,2026-03-13,Gremio 1.0 x 1.0 Red Bull Bragantino,5438,Red Bull Bragantino,65.3,34.7,Fora,40.07181818181818,10.47,6.972222222222222,46.15,75,41.080536912751676,26.74,0.256,20,6,23.82,74.24,26.98,52.17,61.32,7.235142118863049,60.0,29.0,0.472,0.25,25.0,0.0,60.0,20.0,0.1626,45.0
91,2026,5,1955995,2026-03-13,Gremio 1.0 x 1.0 Red Bull Bragantino,1244,Gremio,34.7,65.3,Casa,29.043396226415098,7.89,13.25,38.46,79,38.74149659863946,21.05,0.174,37,17,10.5,68.63,14.52,35.71,40.78,16.23931623931624,7.69,36.0,0.471,0.588,37.5,0.0,23.08,15.38,0.3824,30.77
92,2026,5,1956004,2026-03-14,Botafogo RJ 0.0 x 3.0 Flamengo,1239,Flamengo,56.69,43.31,Fora,40.72281818181818,18.18,10.457142857142857,43.75,72,41.54,27.27,0.107,13,5,21.3,77.14,17.78,21.88,70.24,6.296296296296296,66.67,15.94,0.083,0.133,0.0,0.0,72.22,16.67,0.15,44.44
93,2026,5,1956004,2026-03-14,Botafogo RJ 0.0 x 3.0 Flamengo,1227,Botafogo RJ,43.31,56.69,Casa,32.72337209302325,3.17,17.09090909090909,50.0,56,41.6,22.22,0.113,33,9,15.0,60.38,12.5,57.14,55.79,7.591623036649215,50.0,20.94,0.28,0.24,100.0,0.0,57.14,28.57,0.1628,57.14
94,2026,6,1956018,2026-03-14,Vitoria 2.0 x 0.0 Atletico MG,1238,Vitoria,23.38,76.62,Casa,30.913185483870965,4.0,9.371428571428572,61.54,90,37.07299270072993,21.33,0.14,17,4,18.22,69.09,18.64,12.5,42.11,9.137055837563452,0.0,23.53,0.417,0.542,0.0,0.0,44.44,0.0,0.18,22.22
95,2026,6,1956018,2026-03-14,Vitoria 2.0 x 0.0 Atletico MG,1235,Atletico MG,76.62,23.38,Fora,31.766067961165046,9.09,7.681818181818182,22.22,80,47.896341463414636,22.08,0.156,20,7,22.2,76.19,8.77,20.0,54.26,7.174887892376682,50.0,21.89,0.465,0.349,41.67,8.33,91.67,8.33,0.1053,25.0
96,2026,6,1956002,2026-03-15,Fluminense 3.0 x 2.0 Athletico Paranaense,1243,Athletico Paranaense,19.88,80.12,Fora,32.46375,6.38,20.272727272727273,21.43,60,54.46153846153846,25.53,0.07,17,11,17.0,67.65,9.09,7.14,50.91,16.43835616438356,0.0,21.84,0.154,0.231,0.0,0.0,50.0,0.0,0.2857,25.0
97,2026,6,1956002,2026-03-15,Fluminense 3.0 x 2.0 Athletico Paranaense,1232,Fluminense,80.12,19.88,Casa,35.537465753424655,17.86,8.0,44.44,45,60.791666666666664,14.29,0.111,13,1,13.19,59.18,12.2,53.33,55.77,3.374233128834356,75.0,10.86,0.196,0.196,17.65,0.0,75.0,16.67,0.1429,16.67
98,2026,6,1956006,2026-03-15,Santos FC 1.0 x 1.0 Corinthians,1237,Corinthians,56.28,43.72,Fora,36.76622727272727,5.88,6.027027027027027,50.0,74,37.0546875,26.47,0.162,30,6,33.71,80.39,16.0,16.67,42.11,6.489675516224189,12.5,21.82,0.081,0.189,0.0,0.0,60.0,10.0,0.1163,40.0
99,2026,6,1956006,2026-03-15,Santos FC 1.0 x 1.0 Corinthians,1241,Santos FC,43.72,56.28,Casa,40.17861386138614,17.74,7.2105263157894735,46.67,73,33.766917293233085,27.42,0.213,20,4,32.71,82.0,25.0,15.38,57.89,6.324110671936759,20.0,32.94,0.387,0.226,11.11,0.0,54.55,18.18,0.2,27.27
100,2026,6,1956008,2026-03-15,Palmeiras 1.0 x 0.0 Mirassol,1234,Palmeiras,37.05,62.95,Casa,32.17666666666667,8.96,11.346153846153847,29.41,70,33.234234234234236,13.43,0.147,19,3,29.14,69.09,8.51,30.0,50.49,10.060975609756099,20.0,23.24,0.63,0.148,30.0,0.0,72.73,18.18,0.1642,45.45
101,2026,6,1956008,2026-03-15,Palmeiras 1.0 x 0.0 Mirassol,6332,Mirassol,62.95,37.05,Fora,39.765986842105264,11.32,8.4375,64.29,58,49.21774193548387,18.87,0.149,19,7,27.53,64.44,3.03,15.0,75.9,8.4070796460177,57.14,23.77,0.362,0.155,25.0,6.25,58.33,8.33,0.0863,58.33
102,2026,6,1956010,2026-03-15,Red Bull Bragantino 1.0 x 2.0 Sao Paulo,1224,Sao Paulo,45.46,54.54,Fora,30.297166666666666,8.7,10.428571428571429,38.89,85,35.945736434108525,17.39,0.24,28,10,21.64,76.47,14.29,18.18,34.91,6.25,0.0,30.88,0.32,0.52,0.0,0.0,75.0,25.0,0.0678,0.0
103,2026,6,1956010,2026-03-15,Red Bull Bragantino 1.0 x 2.0 Sao Paulo,5438,Red Bull Bragantino,54.54,45.46,Casa,34.17568965517241,23.61,7.909090909090909,30.77,81,52.653225806451616,18.06,0.2,14,2,20.31,73.02,12.77,40.0,55.81,14.736842105263156,75.0,23.58,0.567,0.467,30.77,7.69,53.85,23.08,0.1512,46.15
104,2026,6,1956012,2026-03-15,Cruzeiro 3.0 x 3.0 Vasco da Gama,1230,Cruzeiro,67.24,32.76,Casa,37.37458762886598,16.42,8.035714285714286,63.64,75,37.542857142857144,25.37,0.121,17,6,11.0,63.93,11.11,31.82,65.52,4.683840749414521,54.55,23.63,0.636,0.068,50.0,7.14,70.0,30.0,0.1379,55.0
105,2026,6,1956012,2026-03-15,Cruzeiro 3.0 x 3.0 Vasco da Gama,1226,Vasco da Gama,32.76,67.24,Fora,25.845197368421054,10.91,24.636363636363637,22.22,50,53.10434782608696,14.55,0.114,21,9,17.06,65.91,20.51,25.0,43.14,8.60215053763441,9.09,23.53,0.48,0.08,42.86,0.0,73.33,20.0,0.2174,33.33
106,2026,6,1956014,2026-03-15,Internacional 0.0 x 1.0 Bahia,1221,Bahia,42.26,57.74,Fora,28.993222222222222,7.04,8.193548387096774,25.0,86,31.966442953020135,25.35,0.188,33,14,13.92,72.09,12.5,6.67,56.76,4.651162790697675,40.0,22.09,0.056,0.5,0.0,0.0,100.0,0.0,0.1707,42.86
107,2026,6,1956014,2026-03-15,Internacional 0.0 x 1.0 Bahia,1219,Internacional,57.74,42.26,Casa,43.067,13.51,6.204081632653061,60.0,90,42.49707602339181,21.62,0.113,16,1,12.55,75.0,27.08,30.77,45.89,10.850439882697946,16.67,22.17,0.578,0.289,29.41,0.0,57.14,14.29,0.1522,28.57
108,2026,6,1956016,2026-03-15,Coritiba 1.0 x 0.0 Remo,1236,Coritiba,40.11,59.89,Casa,32.21892857142857,9.84,8.482758620689655,72.73,71,37.22608695652174,24.59,0.143,20,6,37.25,71.7,23.4,50.0,48.86,6.694560669456067,26.67,18.6,0.474,0.474,20.0,0.0,37.5,37.5,0.1951,0.0
109,2026,6,1956016,2026-03-15,Coritiba 1.0 x 0.0 Remo,4617,Remo,59.89,40.11,Fora,35.21186170212766,13.33,8.851851851851851,46.15,63,46.06617647058823,41.67,0.176,23,13,6.82,60.78,25.0,31.25,58.89,6.8181818181818175,33.33,21.94,0.595,0.238,50.0,0.0,71.43,7.14,0.1346,78.57
110,2026,6,1956020,2026-03-16,Chapecoense AF 1.0 x 1.0 Gremio,8865,Chapecoense AF,30.87,69.13,Casa,33.94435483870968,11.67,12.96551724137931,50.0,60,49.22935779816514,21.67,0.178,25,4,32.7,76.79,14.63,21.05,55.13,12.048192771084338,37.5,30.47,0.552,0.172,37.5,0.0,40.0,0.0,0.1923,30.0
111,2026,6,1956020,2026-03-16,Chapecoense AF 1.0 x 1.0 Gremio,1244,Gremio,69.13,30.87,Fora,38.50041176470588,17.24,13.411764705882353,37.5,45,58.875,18.97,0.153,18,4,18.95,64.71,15.79,20.0,56.64,10.477941176470589,44.44,24.1,0.35,0.217,28.57,0.0,84.62,7.69,0.0855,69.23
112,2026,7,1956028,2026-03-18,Palmeiras 2.0 x 1.0 Botafogo RJ,1227,Botafogo RJ,48.83,51.17,Fora,41.4225,12.7,8.64864864864865,69.23,69,44.94776119402985,23.81,0.141,21,7,23.31,67.86,12.5,19.35,54.95,13.580246913580247,7.69,30.43,0.211,0.316,0.0,0.0,66.67,16.67,0.0984,33.33
113,2026,7,1956028,2026-03-18,Palmeiras 2.0 x 1.0 Botafogo RJ,1234,Palmeiras,51.17,48.83,Casa,32.389736842105265,10.0,12.26086956521739,38.46,62,49.389830508474574,21.67,0.241,27,6,14.58,78.72,28.0,30.0,62.22,7.258064516129033,60.0,21.84,0.308,0.577,22.22,0.0,68.42,15.79,0.3167,31.58
114,2026,7,1956030,2026-03-18,Mirassol 0.0 x 1.0 Coritiba,6332,Mirassol,71.99,28.01,Casa,36.79666666666667,21.67,7.875,90.91,57,55.42307692307692,20.0,0.207,16,10,17.3,72.73,10.26,76.19,70.1,6.47985989492119,62.5,20.39,0.517,0.2,55.0,0.0,71.43,28.57,0.1148,33.33
115,2026,7,1956030,2026-03-18,Mirassol 0.0 x 1.0 Coritiba,1236,Coritiba,28.01,71.99,Fora,27.074150943396226,11.86,30.166666666666668,12.5,62,54.19166666666667,16.95,0.194,24,16,17.71,68.63,16.33,50.0,44.12,10.74766355140187,21.43,23.16,0.529,0.294,0.0,0.0,28.57,42.86,0.2059,42.86
116,2026,7,1956032,2026-03-18,Atletico MG 1.0 x 0.0 Sao Paulo,1235,Atletico MG,30.23,69.77,Casa,31.537333333333333,7.27,15.04,47.06,54,58.56910569105691,9.09,0.188,25,9,11.87,80.43,20.0,30.0,44.16,12.307692307692308,12.5,37.5,0.389,0.333,10.0,0.0,69.23,15.38,0.3023,38.46
117,2026,7,1956032,2026-03-18,Atletico MG 1.0 x 0.0 Sao Paulo,1224,Sao Paulo,69.77,30.23,Fora,38.2625,5.26,6.354838709677419,56.25,52,46.264,24.56,0.209,15,3,14.86,75.47,35.71,33.33,54.03,4.612546125461255,66.67,21.41,0.246,0.029,0.0,0.0,91.67,0.0,0.0822,66.67
118,2026,6,1956036,2026-03-18,Athletico Paranaense 2.0 x 1.0 Cruzeiro,1230,Cruzeiro,58.56,41.44,Fora,34.255691489361695,11.32,8.054054054054054,34.62,76,51.353846153846156,26.42,0.273,21,7,32.28,70.0,28.57,9.09,49.57,7.180851063829788,60.0,23.25,0.342,0.289,0.0,0.0,81.82,9.09,0.1507,54.55
119,2026,6,1956036,2026-03-18,Athletico Paranaense 2.0 x 1.0 Cruzeiro,1243,Athletico Paranaense,41.44,58.56,Casa,35.36571428571429,9.52,7.744186046511628,45.0,74,48.153284671532845,17.46,0.189,22,2,25.33,70.0,20.41,35.71,60.98,10.23391812865497,22.22,26.42,0.317,0.122,50.0,16.67,42.86,28.57,0.0959,14.29
120,2026,7,1956037,2026-03-18,Bahia 2.0 x 0.0 Red Bull Bragantino,1221,Bahia,54.42,45.58,Casa,35.804102564102564,4.05,6.9714285714285715,43.75,81,36.67391304347826,25.68,0.172,35,13,14.19,69.23,22.92,19.23,52.1,7.073170731707316,25.0,21.37,0.182,0.273,0.0,7.14,80.0,20.0,0.1613,26.67
121,2026,7,1956037,2026-03-18,Bahia 2.0 x 0.0 Red Bull Bragantino,5438,Red Bull Bragantino,45.58,54.42,Fora,37.44626213592233,14.1,10.833333333333334,26.67,78,36.042857142857144,25.64,0.133,31,8,43.89,66.15,24.49,37.93,60.42,9.507042253521126,20.0,23.4,0.37,0.519,0.0,28.57,13.33,26.67,0.2542,26.67
122,2026,7,1956022,2026-03-19,Flamengo 3.0 x 0.0 Remo,1239,Flamengo,68.28,31.72,Casa,44.49989361702128,8.33,6.523809523809524,72.73,62,41.84920634920635,16.67,0.09,24,7,15.88,65.08,21.43,20.0,68.69,3.3690658499234303,85.71,16.32,0.203,0.116,15.38,7.69,72.73,18.18,0.0821,36.36
123,2026,7,1956022,2026-03-19,Flamengo 3.0 x 0.0 Remo,4617,Remo,31.72,68.28,Fora,29.143761467889913,2.78,22.15,42.86,60,38.293577981651374,20.83,0.105,32,8,14.06,77.78,24.19,20.0,50.68,6.940063091482649,40.0,20.63,0.2,0.16,0.0,0.0,57.14,28.57,0.1167,42.86
124,2026,7,1956024,2026-03-19,Vasco da Gama 3.0 x 2.0 Fluminense,1232,Fluminense,42.58,57.42,Fora,28.496511627906976,8.06,14.125,33.33,69,47.1171875,16.13,0.18,34,9,10.0,72.34,17.31,60.0,55.84,5.3731343283582085,30.77,14.89,0.25,0.5,0.0,0.0,64.29,21.43,0.2642,64.29
125,2026,7,1956024,2026-03-19,Vasco da Gama 3.0 x 2.0 Fluminense,1226,Vasco da Gama,57.42,42.58,Casa,35.723551401869166,10.0,11.814814814814815,50.0,79,39.152671755725194,17.5,0.147,16,9,16.48,87.3,30.65,38.89,55.08,7.734806629834254,20.0,25.0,0.297,0.156,33.33,8.33,56.25,18.75,0.1333,62.5
126,2026,7,1956026,2026-03-19,Santos FC 1.0 x 2.0 Internacional,1219,Internacional,36.51,63.49,Fora,32.2455,14.71,14.75,33.33,81,50.796407185628745,25.0,0.158,27,7,11.92,85.71,25.53,42.86,35.16,10.891089108910892,22.22,30.63,0.321,0.143,0.0,0.0,29.41,35.29,0.2833,52.94
127,2026,7,1956026,2026-03-19,Santos FC 1.0 x 2.0 Internacional,1241,Santos FC,63.49,36.51,Casa,32.22956896551724,9.52,8.25,58.33,82,37.357142857142854,23.81,0.244,29,13,13.0,70.42,18.46,26.32,53.47,9.844559585492227,20.0,26.79,0.5,0.237,36.36,9.09,72.73,0.0,0.0909,36.36
128,2026,7,1956034,2026-03-19,Gremio 2.0 x 0.0 Vitoria,1238,Vitoria,55.97,44.03,Fora,37.8978640776699,16.42,9.0,46.67,58,52.18791946308725,34.33,0.153,24,8,16.65,79.31,23.26,33.33,61.68,5.147058823529411,60.0,15.22,0.667,0.296,55.56,0.0,66.67,22.22,0.1216,44.44
129,2026,7,1956034,2026-03-19,Gremio 2.0 x 0.0 Vitoria,1244,Gremio,44.03,55.97,Casa,34.11176470588235,10.29,11.586206896551724,58.82,60,35.68840579710145,17.65,0.093,30,10,59.83,76.27,17.02,38.1,50.0,10.819672131147541,16.67,26.8,0.341,0.146,40.0,10.0,42.86,28.57,0.1842,35.71
130,2026,7,1956039,2026-03-20,Chapecoense AF 0.0 x 0.0 Corinthians,1237,Corinthians,69.18,30.82,Fora,36.945842696629214,10.61,7.636363636363637,61.11,66,38.69402985074627,25.76,0.194,31,9,12.27,72.88,25.53,21.05,52.85,7.056451612903227,37.5,22.59,0.326,0.233,41.67,0.0,69.23,15.38,0.1383,46.15
131,2026,7,1956039,2026-03-20,Chapecoense AF 0.0 x 0.0 Corinthians,8865,Chapecoense AF,30.82,69.18,Casa,35.127383720930226,5.26,14.962962962962964,27.27,64,47.90243902439025,17.54,0.138,21,7,16.6,88.89,37.84,30.0,60.49,13.709677419354838,18.18,29.32,0.636,0.364,0.0,0.0,35.71,21.43,0.3415,57.14
132,2026,7,1956041,2026-03-21,Fluminense 1.0 x 0.0 Atletico MG,1232,Fluminense,53.94,46.06,Casa,38.660357142857144,8.82,8.787878787878787,26.67,74,34.22627737226277,26.47,0.181,17,4,17.72,71.93,21.95,29.63,42.37,4.622871046228711,14.29,13.87,0.138,0.172,16.67,0.0,50.0,21.43,0.1556,71.43
133,2026,7,1956041,2026-03-21,Fluminense 1.0 x 0.0 Atletico MG,1235,Atletico MG,46.06,53.94,Fora,36.423202247191014,3.17,11.066666666666666,55.56,72,45.50666666666667,23.81,0.146,31,11,15.0,79.17,18.37,28.57,59.8,12.459016393442624,44.44,28.11,0.333,0.233,28.57,0.0,57.14,0.0,0.2258,21.43
134,2026,8,1956049,2026-03-21,Red Bull Bragantino 1.0 x 2.0 Botafogo RJ,1227,Botafogo RJ,35.7,64.3,Fora,29.9642523364486,8.82,16.0,66.67,66,44.463235294117645,23.53,0.176,27,11,44.44,82.0,15.09,46.67,39.62,10.13215859030837,8.33,22.64,0.455,0.909,11.11,0.0,42.86,14.29,0.2059,14.29
135,2026,8,1956049,2026-03-21,Red Bull Bragantino 1.0 x 2.0 Botafogo RJ,5438,Red Bull Bragantino,64.3,35.7,Casa,33.501428571428576,12.33,12.736842105263158,55.56,59,55.77372262773723,26.03,0.143,20,7,17.46,71.64,20.37,52.63,57.43,10.483870967741936,33.33,30.77,0.676,0.382,42.11,5.26,66.67,11.11,0.1731,50.0
136,2026,8,1955748,2026-03-22,Cruzeiro 0.0 x 0.0 Santos FC,1230,Cruzeiro,70.63,29.37,Casa,42.111999999999995,14.04,7.944444444444445,37.5,72,54.24666666666667,31.58,0.128,19,7,16.64,61.54,23.08,16.67,55.0,8.863636363636363,28.57,21.63,0.529,0.324,28.57,7.14,87.5,12.5,0.0964,37.5
137,2026,8,1955748,2026-03-22,Cruzeiro 0.0 x 0.0 Santos FC,1241,Santos FC,29.37,70.63,Fora,33.82,4.55,11.212121212121213,22.22,78,36.66423357664234,31.82,0.125,21,5,8.38,78.18,21.57,33.33,47.42,7.664233576642336,30.0,18.79,0.3,0.2,0.0,0.0,60.0,40.0,0.1429,100.0
138,2026,8,1955750,2026-03-22,Internacional 2.0 x 0.0 Chapecoense AF,1219,Internacional,47.75,52.25,Casa,37.34731132075472,11.49,10.875,22.22,80,44.58273381294964,24.14,0.063,16,7,17.29,69.57,26.42,20.59,47.32,8.595988538681947,33.33,20.19,0.633,0.267,9.09,0.0,61.54,15.38,0.1646,46.15
139,2026,8,1955750,2026-03-22,Internacional 2.0 x 0.0 Chapecoense AF,8865,Chapecoense AF,52.25,47.75,Fora,33.965357142857144,9.38,12.125,43.75,72,46.07692307692308,20.31,0.186,37,12,15.33,64.81,6.38,35.29,60.22,9.768637532133676,44.44,20.81,0.469,0.344,33.33,0.0,30.0,50.0,0.1389,30.0
140,2026,8,1955753,2026-03-22,Athletico Paranaense 2.0 x 0.0 Coritiba,1243,Athletico Paranaense,49.96,50.04,Casa,39.461392405063286,13.46,12.833333333333334,60.0,46,55.553719008264466,28.85,0.085,8,3,22.4,78.72,30.56,31.25,70.83,10.638297872340425,0.0,22.91,0.25,0.125,14.29,0.0,66.67,16.67,0.0845,33.33
141,2026,8,1955753,2026-03-22,Athletico Paranaense 2.0 x 0.0 Coritiba,1236,Coritiba,50.04,49.96,Fora,26.391573033707864,8.33,15.352941176470589,36.36,46,58.80357142857143,22.92,0.167,23,7,21.0,84.21,10.26,33.33,51.11,8.275862068965518,50.0,12.18,0.5,0.417,0.0,0.0,75.0,25.0,0.25,50.0
142,2026,8,1955756,2026-03-22,Vitoria 1.0 x 0.0 Mirassol,6332,Mirassol,68.65,31.35,Fora,35.6820731707317,13.64,7.931034482758621,22.22,96,30.39189189189189,22.73,0.176,29,10,32.69,79.49,13.33,28.57,63.16,7.614213197969544,25.0,24.12,0.636,0.576,17.65,0.0,50.0,7.14,0.1443,57.14
143,2026,8,1955756,2026-03-22,Vitoria 1.0 x 0.0 Mirassol,1238,Vitoria,31.35,68.65,Casa,30.58443181818182,8.33,9.696969696969697,50.0,92,39.26923076923077,23.81,0.191,31,11,8.67,75.81,18.64,32.0,33.33,10.37344398340249,0.0,19.86,0.524,0.333,0.0,14.29,38.46,30.77,0.25,61.54
144,2026,8,1955759,2026-03-22,Remo 4.0 x 1.0 Bahia,4617,Remo,27.02,72.98,Casa,30.850733944954126,1.56,13.846153846153847,40.0,67,37.22314049586777,14.06,0.165,26,8,18.69,70.69,12.24,33.33,44.71,11.009174311926607,20.0,28.91,0.5,0.208,33.33,0.0,31.25,18.75,0.2667,50.0
145,2026,8,1955759,2026-03-22,Remo 4.0 x 1.0 Bahia,1221,Bahia,72.98,27.02,Fora,37.55597222222222,10.61,6.586206896551724,46.67,63,36.968992248062015,24.24,0.198,17,7,16.05,67.86,22.73,31.82,55.56,3.953488372093023,66.67,18.53,0.343,0.4,14.29,0.0,50.0,20.0,0.1266,30.0
146,2026,8,1956043,2026-03-22,Vasco da Gama 2.0 x 1.0 Gremio,1244,Gremio,63.33,36.67,Fora,39.26889473684211,11.11,8.666666666666666,45.45,74,46.58385093167702,22.22,0.168,36,9,15.1,68.49,21.05,54.17,69.9,5.858585858585859,54.55,19.23,0.341,0.136,18.18,0.0,44.44,33.33,0.1111,33.33
147,2026,8,1956043,2026-03-22,Vasco da Gama 2.0 x 1.0 Gremio,1226,Vasco da Gama,36.67,63.33,Casa,33.27275,5.75,19.40909090909091,25.0,65,40.21897810218978,17.24,0.118,32,14,27.59,82.35,27.59,20.69,43.0,6.593406593406594,0.0,29.45,0.241,0.483,40.0,20.0,40.0,20.0,0.1031,30.0
148,2026,8,1956046,2026-03-22,Sao Paulo 0.0 x 1.0 Palmeiras,1234,Palmeiras,37.52,62.48,Fora,26.87496,5.95,12.962962962962964,30.77,80,49.49180327868852,15.48,0.119,35,8,19.5,84.51,10.14,13.33,48.1,12.5,16.67,21.95,0.111,0.25,0.0,0.0,66.67,16.67,0.1429,83.33
149,2026,8,1956046,2026-03-22,Sao Paulo 0.0 x 1.0 Palmeiras,1224,Sao Paulo,62.48,37.52,Casa,41.883811475409836,17.05,6.575,57.14,97,41.49659863945578,14.77,0.12,19,3,24.34,67.86,16.07,25.0,49.29,4.8582995951417,50.0,17.3,0.5,0.229,12.5,0.0,0.0,33.33,0.0283,66.67
150,2026,8,1956048,2026-03-22,Corinthians 1.0 x 1.0 Flamengo,1239,Flamengo,45.44,54.56,Fora,33.10071428571428,7.41,9.714285714285714,57.14,71,49.59322033898305,22.22,0.247,34,15,32.55,70.0,4.55,10.0,52.0,6.896551724137931,14.29,16.99,0.143,0.286,16.67,0.0,70.0,10.0,0.3226,70.0
151,2026,8,1956048,2026-03-22,Corinthians 1.0 x 1.0 Flamengo,1237,Corinthians,54.56,45.44,Casa,42.87893258426967,27.27,8.472222222222221,38.46,65,48.00869565217391,30.3,0.118,8,2,15.33,56.36,25.0,38.24,53.54,17.098445595854923,85.71,30.88,0.217,0.174,0.0,0.0,53.85,23.08,0.1287,30.77
152,2026,8,1955996,2026-03-29,Athletico Paranaense 4.0 x 1.0 Botafogo RJ,1243,Athletico Paranaense,41.18,58.82,Casa,34.753846153846155,12.28,12.76923076923077,61.54,50,37.51282051282051,24.56,0.103,21,8,19.67,78.26,15.0,29.41,48.84,8.9171974522293,27.27,18.78,0.097,0.161,14.29,0.0,63.64,36.36,0.1864,45.45
153,2026,8,1955996,2026-03-29,Athletico Paranaense 4.0 x 1.0 Botafogo RJ,1227,Botafogo RJ,58.82,41.18,Fora,39.7571511627907,11.67,9.851851851851851,53.33,51,58.957264957264954,11.67,0.155,18,6,13.93,83.33,21.95,31.58,56.48,6.46900269541779,25.0,16.88,0.333,0.429,33.33,16.67,58.33,8.33,0.2105,50.0
154,2026,9,1955765,2026-04-01,Botafogo RJ 3.0 x 2.0 Mirassol,6332,Mirassol,69.11,30.89,Fora,43.39042105263158,14.29,8.0,57.14,85,51.53731343283582,22.08,0.091,20,7,23.93,75.68,26.09,35.48,68.27,5.390334572490707,100.0,22.62,0.28,0.12,28.57,0.0,78.95,15.79,0.1145,52.63
155,2026,9,1955765,2026-04-01,Botafogo RJ 3.0 x 2.0 Mirassol,1227,Botafogo RJ,30.89,69.11,Casa,27.303962264150947,5.63,17.2,14.29,74,29.528,21.13,0.12,37,11,21.48,68.25,15.52,15.38,35.58,8.270676691729323,8.33,12.8,0.176,0.412,0.0,0.0,30.0,10.0,0.2632,10.0
156,2026,9,1955779,2026-04-01,Internacional 1.0 x 1.0 Sao Paulo,1224,Sao Paulo,71.39,28.61,Fora,32.85224299065421,13.33,7.571428571428571,38.89,65,48.8562091503268,25.33,0.167,14,4,16.63,70.59,21.05,38.89,67.86,7.977736549165121,40.0,21.68,0.571,0.143,41.67,0.0,53.33,13.33,0.124,40.0
157,2026,9,1955779,2026-04-01,Internacional 1.0 x 1.0 Sao Paulo,1219,Internacional,28.61,71.39,Casa,29.589770642201835,10.71,12.9375,46.67,67,50.830882352941174,25.0,0.12,25,13,18.6,77.78,12.2,20.0,41.28,10.483870967741936,20.0,21.77,0.393,0.036,22.22,11.11,66.67,16.67,0.0923,16.67
158,2026,9,1955762,2026-04-02,Fluminense 3.0 x 1.0 Corinthians,1232,Fluminense,65.8,34.2,Casa,34.17,16.67,11.0,46.15,54,42.5462962962963,9.26,0.133,18,9,33.5,75.51,17.95,33.33,55.26,5.7026476578411405,50.0,18.69,0.433,0.167,33.33,0.0,70.0,15.0,0.1887,45.0
159,2026,9,1955762,2026-04-02,Fluminense 3.0 x 1.0 Corinthians,1237,Corinthians,34.2,65.8,Fora,32.11833333333333,19.67,19.523809523809526,50.0,54,57.266129032258064,24.59,0.13,19,7,10.67,87.76,11.63,44.44,51.16,5.498281786941581,50.0,25.0,0.36,0.2,28.57,0.0,41.67,50.0,0.1818,41.67
160,2026,9,1955768,2026-04-02,Santos FC 2.0 x 0.0 Remo,1241,Santos FC,64.55,35.45,Casa,34.525365853658535,10.26,9.333333333333334,35.71,65,31.163265306122447,33.33,0.122,26,8,26.12,79.45,14.58,36.67,45.24,3.090507726269316,57.14,18.39,0.281,0.406,14.29,14.29,28.57,28.57,0.0854,42.86
161,2026,9,1955768,2026-04-02,Santos FC 2.0 x 0.0 Remo,4617,Remo,35.45,64.55,Fora,37.411764705882355,13.25,10.675675675675675,76.47,75,45.289308176100626,19.28,0.222,35,14,9.0,77.27,15.79,11.54,50.53,6.229508196721312,0.0,14.36,0.235,0.176,33.33,0.0,54.55,27.27,0.1594,54.55
162,2026,9,1955776,2026-04-02,Cruzeiro 3.0 x 0.0 Vitoria,1230,Cruzeiro,61.88,38.12,Casa,36.78390625,14.71,10.2,50.0,63,38.01851851851852,11.76,0.11,24,4,20.76,57.14,12.24,36.84,40.59,4.500978473581213,0.0,16.15,0.217,0.109,11.11,11.11,27.27,36.36,0.1089,45.45
163,2026,9,1955776,2026-04-02,Cruzeiro 3.0 x 0.0 Vitoria,1238,Vitoria,38.12,61.88,Fora,33.78439024390244,16.39,16.875,33.33,61,45.62595419847328,19.67,0.117,23,9,15.0,68.63,19.51,10.0,60.98,7.18562874251497,33.33,19.49,0.37,0.259,50.0,0.0,50.0,25.0,0.0833,75.0
164,2026,9,1955782,2026-04-02,Coritiba 1.0 x 1.0 Vasco da Gama,1226,Vasco da Gama,31.01,68.99,Fora,31.769347826086957,10.34,23.61111111111111,27.27,56,48.00925925925926,20.69,0.157,20,6,15.89,72.34,26.19,18.75,43.43,6.4981949458483745,11.11,23.57,0.32,0.2,25.0,0.0,50.0,16.67,0.2,66.67
165,2026,9,1955782,2026-04-02,Coritiba 1.0 x 1.0 Vasco da Gama,1236,Coritiba,68.99,31.01,Casa,37.399342105263166,17.74,12.473684210526315,36.36,62,46.86991869918699,17.74,0.173,25,6,11.45,76.36,9.3,31.58,68.09,5.86080586080586,100.0,19.35,0.396,0.146,50.0,0.0,66.67,22.22,0.1579,50.0
166,2026,9,1955785,2026-04-02,Bahia 3.0 x 0.0 Athletico Paranaense,1243,Athletico Paranaense,50.84,49.16,Fora,39.024146341463414,8.62,12.096774193548388,40.0,48,53.865546218487395,13.79,0.147,16,7,15.13,68.63,25.0,33.33,60.0,4.699738903394255,0.0,21.89,0.212,0.192,25.0,0.0,66.67,33.33,0.1188,66.67
167,2026,9,1955785,2026-04-02,Bahia 3.0 x 0.0 Athletico Paranaense,1221,Bahia,49.16,50.84,Casa,33.70598130841122,2.82,9.482758620689655,31.58,63,43.090090090090094,14.08,0.12,26,10,21.65,76.56,11.86,33.33,57.14,4.634146341463414,54.55,13.98,0.179,0.214,16.67,16.67,57.14,14.29,0.1077,14.29
168,2026,9,1955788,2026-04-02,Chapecoense AF 0.0 x 4.0 Atletico MG,1235,Atletico MG,51.73,48.27,Fora,28.345882352941175,7.27,15.05,31.58,61,44.81196581196581,27.27,0.156,34,16,15.14,67.39,18.75,42.86,51.33,11.358574610244988,28.57,20.28,0.121,0.091,0.0,0.0,70.0,10.0,0.2128,20.0
169,2026,9,1955788,2026-04-02,Chapecoense AF 0.0 x 4.0 Atletico MG,8865,Chapecoense AF,48.27,51.73,Casa,42.25732394366198,18.33,11.424242424242424,60.0,48,52.79365079365079,16.67,0.162,16,6,15.95,72.22,30.0,40.0,62.37,8.857142857142856,37.5,30.49,0.474,0.132,30.77,0.0,42.11,21.05,0.2568,36.84
170,2026,9,1955771,2026-04-03,Palmeiras 2.0 x 1.0 Gremio,1244,Gremio,40.13,59.87,Fora,27.5803125,5.33,17.944444444444443,16.67,66,45.43939393939394,13.33,0.151,45,21,16.92,74.63,18.46,30.0,57.65,11.397058823529411,9.09,18.75,0.579,0.421,33.33,0.0,30.0,40.0,0.2632,70.0
171,2026,9,1955771,2026-04-03,Palmeiras 2.0 x 1.0 Gremio,1234,Palmeiras,59.87,40.13,Casa,41.28802631578947,9.3,10.03448275862069,33.33,60,31.2992700729927,17.44,0.141,20,10,14.76,78.82,37.29,33.33,48.85,5.466970387243736,50.0,21.74,0.294,0.294,0.0,0.0,43.75,25.0,0.1429,56.25
172,2026,9,1955774,2026-04-03,Red Bull Bragantino 3.0 x 0.0 Flamengo,1239,Flamengo,41.96,58.04,Fora,39.94171232876713,17.54,16.333333333333332,50.0,50,52.450450450450454,19.3,0.134,14,6,16.62,65.31,11.11,28.57,49.52,6.024096385542169,14.29,21.86,0.152,0.121,0.0,0.0,42.86,28.57,0.1273,42.86
173,2026,9,1955774,2026-04-03,Red Bull Bragantino 3.0 x 0.0 Flamengo,5438,Red Bull Bragantino,58.04,41.96,Casa,32.87715789473684,6.45,13.80952380952381,33.33,58,41.69565217391305,6.45,0.148,19,7,14.71,72.0,14.29,23.08,68.83,8.88382687927107,75.0,21.61,0.297,0.162,33.33,0.0,83.33,5.56,0.2069,44.44
174,2026,10,1955797,2026-04-04,Sao Paulo 4.0 x 1.0 Cruzeiro,1224,Sao Paulo,22.68,77.32,Casa,30.52,13.51,12.555555555555555,42.86,82,35.27272727272727,29.73,0.154,22,6,12.38,82.76,25.49,52.17,38.24,11.158798283261802,33.33,34.15,0.269,0.346,7.69,15.38,40.0,30.0,0.1538,10.0
175,2026,10,1955797,2026-04-04,Sao Paulo 4.0 x 1.0 Cruzeiro,1230,Cruzeiro,77.32,22.68,Fora,38.84880681818182,15.09,5.388888888888889,71.43,74,37.31578947368421,22.64,0.208,34,15,43.33,71.74,16.13,22.73,69.57,7.5892857142857135,66.67,19.13,0.211,0.123,9.09,0.0,50.0,14.29,0.1522,50.0
176,2026,10,1955791,2026-04-05,Flamengo 3.0 x 1.0 Santos FC,1241,Santos FC,30.62,69.38,Fora,30.441036585365854,13.43,22.055555555555557,0.0,73,62.07518796992481,22.39,0.2,23,8,9.71,80.7,28.85,40.0,49.35,8.19112627986348,33.33,24.0,0.292,0.125,14.29,14.29,47.06,29.41,0.25,58.82
177,2026,10,1955791,2026-04-05,Flamengo 3.0 x 1.0 Santos FC,1239,Flamengo,69.38,30.62,Casa,32.57223529411765,9.38,22.0,33.33,58,45.5078125,25.0,0.198,28,10,26.58,72.88,17.39,44.44,59.32,6.017699115044247,83.33,23.62,0.242,0.182,37.5,6.25,77.78,11.11,0.1192,44.44
178,2026,10,1955794,2026-04-05,Vasco da Gama 1.0 x 2.0 Botafogo RJ,1227,Botafogo RJ,35.46,64.54,Fora,31.319734513274337,10.0,13.692307692307692,72.73,75,41.25233644859813,12.5,0.163,29,5,17.54,77.27,27.87,36.84,61.11,6.94980694980695,30.0,20.95,0.769,0.462,16.67,0.0,38.89,22.22,0.3529,33.33
179,2026,10,1955794,2026-04-05,Vasco da Gama 1.0 x 2.0 Botafogo RJ,1226,Vasco da Gama,64.54,35.46,Casa,39.13392857142858,11.54,9.96,31.25,69,43.09756097560975,15.38,0.225,30,12,25.25,70.42,16.98,20.0,58.33,4.9079754601226995,62.5,22.07,0.431,0.451,25.0,16.67,70.59,11.76,0.1417,29.41
180,2026,10,1955800,2026-04-05,Corinthians 0.0 x 1.0 Internacional,1237,Corinthians,72.81,27.19,Casa,35.52281250000001,7.14,6.34375,52.63,64,63.007194244604314,19.64,0.171,19,5,13.67,57.45,17.95,17.65,54.55,14.182692307692307,33.33,23.42,0.4,0.175,36.36,0.0,90.91,0.0,0.1429,54.55
181,2026,10,1955800,2026-04-05,Corinthians 0.0 x 1.0 Internacional,1219,Internacional,27.19,72.81,Fora,31.718437500000004,7.94,11.064516129032258,56.25,70,40.55555555555556,22.22,0.13,17,5,31.0,73.58,18.37,21.43,35.51,9.70873786407767,0.0,24.29,0.45,0.15,25.0,0.0,75.0,0.0,0.1951,50.0
182,2026,10,1955806,2026-04-05,Atletico MG 2.0 x 1.0 Athletico Paranaense,1243,Athletico Paranaense,49.45,50.55,Fora,38.42192307692308,9.38,13.62962962962963,44.44,61,50.309734513274336,6.25,0.203,23,6,12.9,68.42,26.09,33.33,71.11,7.829977628635347,66.67,26.04,0.366,0.195,50.0,0.0,72.73,27.27,0.1222,63.64
183,2026,10,1955806,2026-04-05,Atletico MG 2.0 x 1.0 Athletico Paranaense,1235,Atletico MG,50.55,49.45,Casa,32.13903225806452,7.58,20.647058823529413,15.38,51,41.12264150943396,13.64,0.116,27,9,39.71,70.37,17.65,26.67,43.24,6.997742663656885,35.71,19.64,0.167,0.286,16.67,0.0,53.33,13.33,0.1875,46.67
184,2026,10,1955812,2026-04-05,Coritiba 1.0 x 1.0 Fluminense,1236,Coritiba,33.0,67.0,Casa,29.648684210526316,20.34,17.652173913043477,42.86,73,62.6695652173913,16.95,0.158,19,9,21.22,67.35,9.3,43.75,52.05,9.251101321585903,50.0,19.44,0.261,0.174,28.57,14.29,60.0,10.0,0.1613,40.0
185,2026,10,1955812,2026-04-05,Coritiba 1.0 x 1.0 Fluminense,1232,Fluminense,67.0,33.0,Fora,37.1505,24.44,7.869565217391305,87.5,50,56.89655172413793,24.44,0.22,19,8,13.86,50.0,17.39,40.91,50.0,6.106870229007633,42.86,12.7,0.333,0.31,25.0,8.33,80.0,13.33,0.1402,46.67
186,2026,10,1955815,2026-04-05,Bahia 1.0 x 2.0 Palmeiras,1221,Bahia,66.79,33.21,Casa,41.626000000000005,15.19,6.829268292682927,52.94,73,47.66942148760331,15.19,0.167,14,5,12.88,68.12,26.42,26.92,52.34,4.6255506607929515,100.0,19.49,0.439,0.195,27.27,9.09,60.0,10.0,0.1869,40.0
187,2026,10,1955815,2026-04-05,Bahia 1.0 x 2.0 Palmeiras,1234,Palmeiras,33.21,66.79,Fora,28.25985849056604,7.14,16.5,22.22,66,39.916030534351144,21.43,0.132,36,11,22.33,81.4,13.64,16.67,47.5,7.6923076923076925,12.5,19.16,0.429,0.333,20.0,0.0,75.0,0.0,0.1356,50.0
188,2026,10,1955818,2026-04-05,Chapecoense AF 1.0 x 1.0 Vitoria,1238,Vitoria,36.06,63.94,Fora,28.715091743119263,15.62,10.36,43.75,94,34.62589928057554,28.12,0.169,25,15,38.31,64.58,16.22,37.04,40.68,12.616822429906541,6.67,22.3,0.391,0.174,50.0,0.0,35.71,28.57,0.4242,64.29
189,2026,10,1955818,2026-04-05,Chapecoense AF 1.0 x 1.0 Vitoria,8865,Chapecoense AF,63.94,36.06,Casa,32.893736842105255,14.81,7.851851851851852,42.86,90,44.08029197080292,28.4,0.076,24,12,11.37,80.56,15.52,56.52,62.5,9.748427672955975,62.5,23.53,0.812,0.312,43.75,6.25,56.0,24.0,0.3049,32.0
190,2026,10,1955804,2026-04-06,Mirassol 0.0 x 1.0 Red Bull Bragantino,5438,Red Bull Bragantino,46.98,53.02,Fora,30.880053191489363,18.75,14.941176470588236,57.14,61,39.088,21.88,0.218,26,11,34.78,65.45,14.29,18.18,38.98,11.439114391143912,33.33,28.93,0.226,0.258,11.11,0.0,25.0,12.5,0.2667,43.75
191,2026,10,1955804,2026-04-06,Mirassol 0.0 x 1.0 Red Bull Bragantino,6332,Mirassol,53.02,46.98,Casa,35.97658536585366,13.85,14.235294117647058,60.0,72,44.78378378378378,23.08,0.133,27,5,20.17,71.15,17.78,40.0,62.92,8.359133126934983,28.57,31.43,0.442,0.163,10.0,10.0,80.0,20.0,0.1923,26.67
192,2026,10,1955809,2026-04-06,Gremio 0.0 x 0.0 Remo,1244,Gremio,66.84,33.16,Casa,37.541756756756754,14.47,9.227272727272727,55.56,69,50.46,19.74,0.12,27,9,12.0,81.25,23.53,28.0,59.68,5.416666666666667,62.5,23.49,0.418,0.194,50.0,0.0,80.0,5.0,0.1538,70.0
193,2026,10,1955809,2026-04-06,Gremio 0.0 x 0.0 Remo,4617,Remo,33.16,66.84,Fora,26.612478260869562,6.67,29.09090909090909,37.5,68,41.08450704225352,24.0,0.253,32,9,16.35,82.26,25.0,20.0,61.8,9.56175298804781,23.08,20.14,0.345,0.276,42.86,0.0,50.0,10.0,0.1429,60.0
194,2026,11,1955833,2026-04-11,Mirassol 1.0 x 2.0 Bahia,6332,Mirassol,41.78,58.22,Casa,37.340483870967745,7.94,10.025641025641026,42.86,65,49.39449541284404,17.46,0.17,16,4,26.7,69.23,26.53,50.0,67.07,7.878787878787878,50.0,21.43,0.351,0.297,14.29,0.0,37.5,31.25,0.2105,50.0
195,2026,11,1955833,2026-04-11,Mirassol 1.0 x 2.0 Bahia,1221,Bahia,58.22,41.78,Fora,30.375420560747667,4.55,9.785714285714286,40.0,70,63.19491525423729,12.12,0.182,25,9,18.11,70.18,20.69,37.5,57.8,6.485355648535565,41.67,27.04,0.342,0.158,22.22,11.11,78.57,14.29,0.1443,50.0
196,2026,11,1955845,2026-04-11,Vitoria 2.0 x 0.0 Sao Paulo,1238,Vitoria,38.31,61.69,Casa,33.769285714285715,7.58,13.5,54.55,64,35.457142857142856,16.67,0.25,21,6,19.92,73.58,16.33,23.53,57.53,7.443365695792881,20.0,15.76,0.2,0.24,0.0,0.0,33.33,26.67,0.3191,53.33
197,2026,11,1955845,2026-04-11,Vitoria 2.0 x 0.0 Sao Paulo,1224,Sao Paulo,61.69,38.31,Fora,37.45046052631579,9.26,16.11111111111111,45.45,53,47.5,16.67,0.188,19,4,25.29,67.31,23.08,33.33,55.45,8.38709677419355,50.0,18.85,0.349,0.256,37.5,12.5,68.75,6.25,0.1212,37.5
198,2026,11,1955848,2026-04-11,Remo 1.0 x 1.0 Vasco da Gama,1226,Vasco da Gama,55.96,44.04,Fora,34.397045454545456,4.62,15.1875,41.67,74,44.439490445859875,26.15,0.18,32,9,18.67,57.69,38.0,20.0,52.5,5.86734693877551,0.0,25.45,0.515,0.364,27.27,0.0,84.21,0.0,0.2,42.11
199,2026,11,1955848,2026-04-11,Remo 1.0 x 1.0 Vasco da Gama,4617,Remo,44.04,55.96,Casa,33.9604054054054,11.11,12.653846153846153,50.0,90,40.59090909090909,22.22,0.245,28,8,10.4,83.12,23.73,22.73,51.09,11.397058823529411,0.0,30.22,0.3,0.267,12.5,12.5,41.67,33.33,0.1875,33.33
200,2026,11,1955821,2026-04-12,Fluminense 1.0 x 2.0 Flamengo,1232,Fluminense,62.81,37.19,Casa,35.768181818181816,20.75,10.178571428571429,36.36,46,49.17218543046358,32.08,0.185,32,11,20.25,68.09,9.68,31.82,68.14,3.7800687285223367,75.0,17.04,0.289,0.2,25.0,0.0,89.47,5.26,0.1242,42.11
201,2026,11,1955821,2026-04-12,Fluminense 1.0 x 2.0 Flamengo,1239,Flamengo,37.19,62.81,Fora,37.561125000000004,12.31,12.870967741935484,35.71,70,42.956896551724135,16.92,0.176,22,7,17.68,72.22,28.21,38.46,56.63,6.944444444444445,28.57,20.2,0.119,0.167,16.67,0.0,52.94,17.65,0.2024,35.29
202,2026,11,1955827,2026-04-12,Santos FC 1.0 x 0.0 Atletico MG,1235,Atletico MG,56.7,43.3,Fora,30.847659574468086,6.25,11.318181818181818,25.0,53,58.97902097902098,18.75,0.333,41,17,16.48,72.41,9.43,18.18,58.82,7.093821510297483,40.0,14.91,0.333,0.244,20.0,0.0,90.91,9.09,0.1111,54.55
203,2026,11,1955827,2026-04-12,Santos FC 1.0 x 0.0 Atletico MG,1241,Santos FC,43.3,56.7,Casa,39.62364,20.99,9.764705882352942,35.29,88,44.58870967741935,19.75,0.13,14,4,10.17,81.08,30.0,48.39,51.49,7.18232044198895,16.67,41.76,0.192,0.173,4.55,0.0,50.0,44.44,0.1353,33.33
204,2026,11,1955830,2026-04-12,Corinthians 0.0 x 0.0 Palmeiras,1237,Corinthians,27.69,72.31,Casa,29.715981308411216,15.79,11.791666666666666,37.5,73,34.57142857142857,26.32,0.226,19,3,17.38,68.18,23.81,20.0,49.23,10.919540229885058,0.0,30.43,0.238,0.333,20.0,0.0,16.67,50.0,0.1463,33.33
205,2026,11,1955830,2026-04-12,Corinthians 0.0 x 0.0 Palmeiras,1234,Palmeiras,72.31,27.69,Fora,40.11403846153846,10.0,4.9393939393939394,64.71,68,48.890625,15.0,0.283,21,8,22.68,66.07,13.95,11.76,51.33,9.024390243902438,100.0,30.09,0.323,0.29,25.0,0.0,81.25,0.0,0.1416,68.75
206,2026,11,1955836,2026-04-12,Cruzeiro 2.0 x 1.0 Red Bull Bragantino,5438,Red Bull Bragantino,51.91,48.09,Fora,30.602297297297294,10.26,9.862068965517242,31.25,79,55.044117647058826,11.54,0.209,24,10,28.33,76.81,17.86,36.36,54.63,17.465753424657535,42.86,30.0,0.5,0.2,25.0,0.0,56.25,12.5,0.2807,37.5
207,2026,11,1955836,2026-04-12,Cruzeiro 2.0 x 1.0 Red Bull Bragantino,1230,Cruzeiro,48.09,51.91,Casa,38.482,11.29,6.309523809523809,57.14,87,34.90909090909091,17.74,0.14,26,9,14.59,71.43,23.81,35.0,42.86,8.421052631578947,30.0,24.38,0.226,0.355,12.5,0.0,68.75,25.0,0.3333,25.0
208,2026,11,1955839,2026-04-12,Internacional 0.0 x 0.0 Gremio,1219,Internacional,53.81,46.19,Casa,42.038262711864405,18.6,5.0588235294117645,55.0,99,32.25333333333333,25.58,0.224,15,3,30.26,75.0,22.92,39.47,41.67,6.810035842293908,0.0,28.12,0.514,0.229,16.67,0.0,54.55,36.36,0.1549,54.55
209,2026,11,1955839,2026-04-12,Internacional 0.0 x 0.0 Gremio,1244,Gremio,46.19,53.81,Fora,28.12736111111111,5.56,10.409090909090908,21.05,78,40.62758620689655,16.67,0.209,43,18,34.53,68.97,7.02,20.0,53.93,18.930041152263374,0.0,33.09,0.355,0.323,0.0,0.0,50.0,25.0,0.1111,50.0
210,2026,11,1955842,2026-04-12,Athletico Paranaense 2.0 x 0.0 Chapecoense AF,1243,Athletico Paranaense,57.71,42.29,Casa,36.6980412371134,5.08,8.516129032258064,47.06,62,53.267716535433074,15.25,0.132,21,6,16.3,66.67,4.55,33.33,53.85,9.768637532133676,55.56,26.34,0.524,0.238,27.27,0.0,78.57,14.29,0.1522,42.86
211,2026,11,1955842,2026-04-12,Athletico Paranaense 2.0 x 0.0 Chapecoense AF,8865,Chapecoense AF,42.29,57.71,Fora,35.747297297297294,18.46,10.75,26.67,63,46.706422018348626,16.92,0.091,12,6,15.8,63.64,17.5,24.0,54.88,11.387900355871885,12.5,29.94,0.333,0.25,0.0,0.0,62.5,25.0,0.1569,75.0
